Part Number,Channels,GBW,CMRR,size,price,Dimension (mm),Customer
OPA2356-EP,2,450,80,15,3.83,4.9 x 3,6
OPA4187,4,0.55,140,52,2,6 x 8.65,4
OPA828,1,50,115,29,3,6 x 4.9,5
OPA2210,2,18,140,15,1.85,4.9 x 3,2
OPA1671,1,13,102,4,0.4,2.1 x 2,0
OPA2156,2,25,120,29,1.75,6 x 4.9,4
OPA462,1,6.5,147,19,9.8,3.9 x 4.89,9
OPA2189,2,14,168,29,1.54,6 x 4.9,2
OPA4388,4,10,138,52,2.42,6 x 8.65,0
OPA855,1,8000,100,,2.75,,9
OPA187,1,0.55,114,29,0.87,6 x 4.9,3
OPA859,1,900,84,,1.99,,3
THS6301,1,1100,,16,2.5,4 x 4,8
OPA2388,2,10,138,29,1.48,6 x 4.9,8
OPA858,1,5500,80,,2.5,,5
I1620,2,32,127,16,2.9,4 x 4,0
OPA521,1,3.82,92,25,1.25,5 x 5,8
OPA2810,2,70,100,29,1.7,6 x 4.9,3
OPA2837,2,50,110,4,1.42,2 x 2,7
THS3491,1,900,75,19,6.2,3.9 x 4.89,8
OPA197-Q1,1,10,140,15,0.71,4.9 x 3,4
OPA2197-Q1,2,10,140,15,1.06,4.9 x 3,4
LMH5401-SP,1,6500,72,33,,5.5 x 6,5
OPA207,1,1,140,29,0.75,6 x 4.9,3
OPA192-Q1,1,10,120,15,1.36,4.9 x 3,4
OPA1692,2,5.1,140,29,0.65,6 x 4.9,5
TLV8541,1,0.008,80,8,0.12,2.8 x 2.9,9
OPA2333P,2,0.35,130,,1.1,,5
OPA2192-Q1,2,10,120,15,2.07,4.9 x 3,6
OPA1642-Q1,2,11,126,15,0.95,4.9 x 3,1
OPA375,1,10,120,4,0.39,2.1 x 2,6
OPA189,1,14,168,29,0.96,6 x 4.9,4
OPA202,1,1,148,29,0.5,6 x 4.9,7
TLV3544-Q1,4,250,80,32,1.32,6.4 x 5,2
TLV8542,2,0.008,80,29,0.15,6 x 4.9,7
LPV821,1,0.008,125,8,0.8,2.8 x 2.9,9
OPA837,1,50,110,4,0.88,2.1 x 2,2
OPA838,1,300,105,4,1.25,2.1 x 2,6
TLV07,1,1,120,29,0.21,6 x 4.9,6
THS4561,1,60,110,9,1.98,3 x 3,8
OPA4196,4,2.5,140,52,1.24,6 x 8.65,6
OPA196,1,2.5,140,29,0.55,6 x 4.9,8
OPA2196,2,2.5,140,29,0.83,6 x 4.9,6
OPA1641-Q1,1,11,126,15,0.75,4.9 x 3,9
OPA145,1,5.5,140,29,0.99,6 x 4.9,7
OPA2180-Q1,2,2,114,15,1.24,4.9 x 3,3
OPA180-Q1,1,2,114,15,0.81,4.9 x 3,8
OPA2188-Q1,2,2,114,15,1.65,4.9 x 3,7
OPA188-Q1,1,2,114,15,1.09,4.9 x 3,7
TLV4376,4,5.5,88,32,0.98,6.4 x 5,2
OPA1678,2,16,110,29,0.25,6 x 4.9,9
TLV8544,4,0.008,75,52,0.24,6 x 8.65,8
OPA1679,4,16,110,52,0.4,6 x 8.65,6
OPA4191,4,2.5,140,52,2.29,6 x 8.65,2
OPA4376-Q1,4,5.5,90,32,1.65,6.4 x 5,9
OPA2191,2,2.5,140,29,1.46,6 x 4.9,1
OPA2317-Q1,2,0.3,108,15,0.89,4.9 x 3,9
OPA320-Q1,1,20,114,8,0.94,2.8 x 2.9,3
OPA4277-SP,4,1,140,,,,6
THS4552,2,135,110,22,2.39,4.4 x 5,1
OPA2187,2,0.55,114,29,1.35,6 x 4.9,8
OPA388,1,10,138,29,0.98,6 x 4.9,9
TLV3544,4,200,80,52,1.12,6 x 8.65,0
OPA2836-Q1,2,110,116,15,1.77,4.9 x 3,7
TLV8801,1,0.006,90,8,0.14,2.8 x 2.9,4
LPV801,1,0.008,98,8,0.44,2.8 x 2.9,6
TLV8811,1,0.006,95,8,0.19,2.8 x 2.9,4
LPV811,1,0.008,95,8,0.68,2.8 x 2.9,5
TLV376,1,5.5,88,29,0.46,6 x 4.9,4
TLV2376,2,5.5,88,29,0.67,6 x 4.9,3
OPA4197,4,10,140,52,1.35,6 x 8.65,7
TLV3541,1,200,80,29,0.49,6 x 4.9,6
TLV3542,2,200,80,29,0.77,6 x 4.9,7
TLV8812,2,0.006,98,15,0.25,4.9 x 3,7
LPV812,2,0.008,98,15,0.95,4.9 x 3,3
OPA2325,2,10,114,29,1.1,6 x 4.9,7
OPA857-DIE,1,6800,,,,,3
TLV8802,2,0.006,90,15,0.18,4.9 x 3,8
OPA657-DIE,1,1600,89,,,,9
LPV802,2,0.008,98,15,0.7,4.9 x 3,4
OPA2197,2,10,140,29,0.9,6 x 4.9,0
THS4551,1,135,110,4,1.39,2 x 2,7
OPA317-Q1,1,0.3,108,8,0.65,2.8 x 2.9,4
OPA2626,2,120,117,15,1.35,4.9 x 3,2
TLV4379,4,0.09,100,32,0.5,6.4 x 5,2
LMH2832,2,,56,36,8.95,6 x 6,8
TLV2369,2,0.012,110,29,0.55,6 x 4.9,9
TLV369,1,0.012,110,4,0.35,2.1 x 2,4
TLV2379,2,0.09,100,29,0.35,6 x 4.9,9
TLV521,1,0.006,100,4,0.14,2.1 x 2,7
TLV522,2,0.008,90,15,0.16,4.9 x 3,6
THS6212,1,150,65,20,0.8,4 x 5,6
TLV379,1,0.09,100,4,0.2,2.1 x 2,5
THS3215,1,650,48,16,3.9,4 x 4,8
THS3217,1,800,55,16,4.87,4 x 4,7
OPA197,1,10,140,29,0.6,6 x 4.9,8
TLV333,1,0.35,130,4,0.49,2.1 x 2,1
OPA2376-Q1,2,5.5,90,29,1.12,6 x 4.9,3
TLV2333,2,0.35,130,29,0.69,6 x 4.9,4
THS4541-Q1,1,850,100,9,3.13,3 x 3,2
TLV4333,4,0.35,130,52,0.99,6 x 8.65,3
OPA191,1,2.5,140,29,1.13,6 x 4.9,8
OPA1622,2,32,127,9,2.46,3 x 3,3
OPA2211-EP,2,45,120,,29,,9
OPA1612-Q1,2,40,120,29,3.52,6 x 4.9,0
OPA2625,2,80,117,9,1.5,3 x 3,0
OPA4192,4,10,120,52,2.75,6 x 8.65,4
OPA1688,2,10,120,29,0.6,6 x 4.9,6
OPA4354-Q1,4,250,80,32,1.89,6.4 x 5,9
LMH6401,1,,45,9,9.95,3 x 3,0
OPA625,1,120,115,8,0.99,2.8 x 2.9,8
LPV542,2,0.008,101,15,0.6,4.9 x 3,1
ALM2402-Q1,2,0.6,90,32,1.29,6.4 x 5,8
OPA2192,2,10,120,29,1.75,6 x 4.9,2
DRV2700,1,0.55,,16,2,4 x 4,1
OPA2277-EP,2,1,140,29,5.37,6 x 4.9,7
OPA4277-EP,4,1,140,52,9.2,6 x 8.65,7
LMH5401,1,8000,72,6,7.05,2.5 x 2.5,9
OPA2320-Q1,2,20,114,15,1.48,4.9 x 3,8
LMH3401,1,8000,72,6,8.05,2.5 x 2.5,5
THS4541,1,850,100,4,2.65,2 x 2,9
OPA180,1,2,114,29,0.69,6 x 4.9,8
THS6226A,2,97,,25,2.78,5 x 5,2
OPA830-EP,1,310,80,8,0.56,2.8 x 2.9,2
OPA355-Q1,1,200,80,8,0.97,2.8 x 2.9,3
OPA857,1,6800,,9,2.59,3 x 3,1
OPA192,1,10,120,29,1.15,6 x 4.9,8
AFE032,1,3.8,,49,3.5,7 x 7,3
OPA1S2384,2,100,80,9,1.1,3 x 3,5
OPA2211-HT,2,45,120,42,,6.4 x 6.5,0
OPA1S2385,2,100,80,9,1.1,3 x 3,3
OPA317,1,0.3,108,4,0.55,2.1 x 2,6
OPA4317,4,0.3,108,52,1.05,6 x 8.65,7
OPA4180,4,2,114,52,1.6,6 x 8.65,9
OPA2317,2,0.3,108,29,0.75,6 x 4.9,6
THS4500-EP,1,300,80,15,6.99,4.9 x 3,2
OPA188,1,2,114,29,0.92,6 x 4.9,9
THS4532,2,27,116,22,1.85,4.4 x 5,1
LMH6523,4,1400,35,55,9.26,5.5 x 10,8
THS4531A,1,27,116,4,1.1,2 x 2,6
LMH6619-Q1,2,140,108,29,2.5,6 x 4.9,2
OPA1662-Q1,2,22,100,29,0.89,6 x 4.9,3
OPA1664,4,22,100,52,1.1,6 x 8.65,1
LMH6881,1,2400,40,16,3.71,4 x 4,0
LMH6882,2,2400,40,,5.95,,8
OPA4188,4,2,114,52,2.1,6 x 8.65,7
OPA211-EP,1,45,120,15,10.3,4.9 x 3,2
THS4524-EP,4,95,102,62,5.68,6.4 x 9.7,1
OP07,1,0.6,120,,,,3
OPA549-HIREL,1,0.9,95,90,18,4.5 x 20.02,4
OPA2365-Q1,2,50,120,29,1.12,6 x 4.9,6
OPA2227-EP,2,8,138,29,4,6 x 4.9,7
OPA1654,4,18,110,52,1.09,6 x 8.65,0
LMH6642Q-Q1,1,130,95,8,1.07,2.8 x 2.9,1
AFE030,1,0.67,,49,1.75,7 x 7,8
OPA1662,2,22,100,29,0.75,6 x 4.9,7
OPA1652,2,18,110,29,0.76,6 x 4.9,0
LMH6643Q-Q1,2,130,95,15,1.27,4.9 x 3,1
OPA820-HT,1,800,85,,,,5
OPA2180,2,2,114,29,1.05,6 x 4.9,5
OPA1604,4,35,120,52,1.95,6 x 8.65,6
TLE2141-Q1,1,6,108,29,0.76,6 x 4.9,0
OPA2836,2,120,116,4,1.5,2 x 2,4
AFE031,1,0.67,,49,2,7 x 7,5
OPA2835,2,30,113,4,1.35,2 x 2,6
LMH6551Q-Q1,1,370,80,15,2.02,4.9 x 3,5
OPA320,1,20,114,8,0.8,2.8 x 2.9,9
LMP8672,2,55,115,29,2.52,6 x 4.9,5
OPA365-EP,1,50,120,8,3,2.8 x 2.9,1
LMH6522,4,1400,80,55,9.26,5.5 x 10,5
OPA2188,2,2,114,29,1.4,6 x 4.9,0
LMH6521,2,1400,80,25,5.83,5 x 5,7
OPA564-Q1,1,17,80,133,3.25,10.405000000000001 x 12.825,6
OPA1602,2,35,120,29,1.1,6 x 4.9,0
SM73308,1,3.5,90,4,0.8,2.1 x 2,6
SM73307,2,17,100,15,1.5,4.9 x 3,0
OPA835,1,30,113,4,0.8,2 x 2,6
OPA836,1,120,116,4,0.9,2 x 2,3
THS4521-HT,1,81,105,,,29 mm2,3
TLV2402-Q1,2,0.0055,120,15,1.31,4.9 x 3,4
OPA376-Q1,1,5.5,90,8,0.8,2.8 x 2.9,8
TLC2201-SP,1,1.8,110,79,,8.89 x 8.89,9
THS6226,2,125,,25,2.25,5 x 5,8
OPA2234M,2,0.35,106,29,,6 x 4.9,6
SM73302,1,88,100,8,0.84,2.8 x 2.9,1
OPA4140,4,11,140,52,4.75,6 x 8.65,7
RC4580-Q1,2,12,110,29,0.34,6 x 4.9,1
TLV2434A-Q1,4,0.5,90,52,1.29,6 x 8.65,7
THS770012,1,900,60,16,4.1,4 x 4,5
OPA4209,4,18,130,32,2.9,6.4 x 5,9
OPA209,1,18,130,29,1.1,6 x 4.9,1
OPA2320,2,20,114,29,1.25,6 x 4.9,3
OPA140,1,11,140,29,1.55,6 x 4.9,5
OPA377,1,5.5,90,4,0.4,2.1 x 2,4
OPA2670,1,1400,56,16,1.5,4 x 4,5
OPA2140,2,11,140,29,2.7,6 x 4.9,1
OPA2209,2,18,130,29,1.65,6 x 4.9,0
THS770006,1,2400,60,16,4.1,4 x 4,7
OPA4330,4,0.35,115,52,1.45,6 x 8.65,8
OPA333-Q1,1,0.35,130,8,1.12,2.8 x 2.9,4
OPA1644,4,11,126,52,1.95,6 x 8.65,9
LMP7312,1,1,80,52,3.3,6 x 8.65,6
OPA365-Q1,1,50,120,8,0.8,2.8 x 2.9,2
LMH6517,2,1200,60,25,5.99,5 x 5,3
OPA1641,1,11,126,29,0.64,6 x 4.9,9
OPA1642,2,11,126,29,0.81,6 x 4.9,9
PGA870,1,6500,76,25,4.35,5 x 5,0
LMH6554,1,2500,83,6,3.4,2.5 x 2.5,8
OPA564,1,17,90,133,2.75,10.405000000000001 x 12.825,3
OPA2378,2,0.9,112,8,1.1,2.8 x 2.9,2
LMV841-Q1,1,4.5,112,4,0.95,2.1 x 2,2
OPA211-HT,1,45,120,,,,2
OPA2354A-Q1,2,250,80,15,1.3,4.9 x 3,0
LPV521,1,0.0062,102,4,0.49,2.1 x 2,9
LMV844-Q1,4,4.5,112,52,2.57,6 x 8.65,4
OPA1611,1,40,120,29,1.75,6 x 4.9,2
OPA1612,2,40,120,29,2.75,6 x 4.9,0
LMV842-Q1,2,4.5,112,29,1.56,6 x 4.9,1
OPA2333-HT,2,0.35,130,,,,1
THS6214,2,160,65,34,1.4,4.4 x 7.8,2
OPA378,1,0.9,112,4,0.7,2.1 x 2,6
OPA354A-Q1,1,250,80,8,0.83,2.8 x 2.9,8
OPA2211A,2,45,120,19,5.2,3.9 x 4.89,6
LMH6629,1,4000,87,8,1.78,2.8 x 2.9,3
OPA356-Q1,1,450,80,8,0.83,2.8 x 2.9,5
THS4524,4,95,102,62,3.3,6.4 x 9.7,9
TLV2262A-Q1,2,0.71,83,19,1.02,6.4 x 3,3
TLV2264A-Q1,4,0.71,83,32,1.44,6.4 x 5,0
OPA2333-Q1,2,0.35,130,29,1.77,6 x 4.9,0
THS4521,1,95,102,29,1.21,6 x 4.9,5
THS4522,2,95,102,22,1.96,4.4 x 5,0
OPA653,1,500,66,,2.95,8 mm2,8
OPA659,1,650,70,,2.95,8 mm2,1
OPA369,1,0.012,114,4,0.74,2.1 x 2,6
THS4032-EP,2,200,95,15,8,4.9 x 3,4
LT1014D-EP,4,0.7,117,77,4,7.5 x 10.3,1
THS4509-Q1,1,3000,90,9,4.87,3 x 3,2
LMP2022,2,5,139,29,1.53,6 x 4.9,9
LMH6518,1,900,86,16,5.7,4 x 4,6
LMH6722-Q1,4,400,54,,2.33,,0
OPA330,1,0.35,115,,0.7,4 mm2,8
OPA2330,2,0.35,115,29,1,6 x 4.9,1
OPA340-EP,1,5.5,92,8,2.05,2.8 x 2.9,8
OPA827,1,22,114,29,4.3,6 x 4.9,5
LMH6553,1,900,82,19,3.14,3.9 x 4.89,2
THS6204,2,160,65,34,1.66,4.4 x 7.8,0
OPA2673,2,600,56,16,1.65,4 x 4,5
LMP7716-Q1,2,17,100,15,1.65,4.9 x 3,3
TLE2141-EP,1,6,108,29,1.4,6 x 4.9,3
TLE2024A-Q1,4,1.7,92,77,2.18,7.5 x 10.3,3
LME49726,2,6.25,95,15,0.55,4.9 x 3,3
OPA2695,2,1100,56,29,2.15,6 x 4.9,0
OPA3695,3,1000,56,29,3.39,6 x 4.9,3
THS4511-SP,1,3000,80,,,,5
THS4513-SP,1,3000,90,,,,3
LME49743,4,30,106,32,1.19,6.4 x 5,7
THS4304-SP,1,3000,95,,,,7
LME49724,1,50,102,19,1.42,3.9 x 4.89,5
LMH6612,2,365,98,29,0.95,6 x 4.9,6
LMH6514,1,600,81,16,4.28,4 x 4,9
OPA454,1,2.5,146,19,2.75,3.9 x 4.89,8
OPA2890,2,250,68,29,1.32,6 x 4.9,0
VCA821,1,710,80,52,3.5,6 x 8.65,4
LME49723,2,19,100,29,0.5,6 x 4.9,2
LMH6611,1,365,98,8,0.7,2.8 x 2.9,9
VCA824,1,710,80,52,4.03,6 x 8.65,5
LMV842,2,4.5,112,29,1.31,6 x 4.9,4
LMH6619,2,140,96,29,1.97,6 x 4.9,3
VCA820,1,150,80,52,2.94,6 x 8.65,6
VCA822,1,150,80,52,2.8,6 x 8.65,2
OPA2369,2,0.012,114,8,0.9,2.8 x 2.9,4
LME49721,2,20,93,29,0.67,6 x 4.9,0
OPA211,1,45,120,29,3.45,6 x 4.9,8
OPA2376,2,5.5,90,,0.95,29 mm2,7
OPA4376,4,5.5,90,32,1.4,6.4 x 5,7
LME49600,1,180,0,155,2.53,15.24 x 10.16,3
LMP7732,2,22,120,29,1.05,6 x 4.9,3
TL971,1,12,85,29,0.19,6 x 4.9,6
LMV641,1,10,120,4,0.72,2.1 x 2,0
TLE2022A-Q1,2,1.7,102,29,1.18,6 x 4.9,3
TL972,2,12,85,,0.25,29 mm2,6
LMP7718,2,88,100,29,0.99,6 x 4.9,0
LMV794,2,88,100,29,0.72,6 x 4.9,5
LMP7731,1,22,120,29,0.63,6 x 4.9,5
TLE2027-EP,1,13,131,29,3.92,6 x 4.9,6
OPA376,1,5.5,90,4,0.65,2.1 x 2,7
LMP7708,2,14,130,29,1.45,6 x 4.9,7
LMP7709,4,14,130,52,1.99,6 x 8.65,5
TLV2444A-Q1,4,1.81,75,32,1.27,6.4 x 5,4
OPA2889,2,115,70,29,1.49,6 x 4.9,8
TLE2141M-D,1,6,108,29,0.8,6 x 4.9,1
OPA890,1,260,67,29,0.83,6 x 4.9,6
LMP2021,1,5,139,29,1.14,6 x 4.9,3
LMP7707,1,14,130,29,1.22,6 x 4.9,1
OPA2333A-EP,2,0.35,130,29,5,6 x 4.9,7
LMP2012QML-SP,2,3,130,,,,4
OPA333A-EP,1,0.35,130,4,4.5,2.1 x 2,3
LMV793,1,88,100,29,0.51,6 x 4.9,6
LMP7717,1,88,100,29,0.75,6 x 4.9,5
LMV844,4,4.5,112,52,2.16,6 x 8.65,6
OPA4830,4,280,80,32,1.9,6.4 x 5,2
LME49860,2,55,120,29,1.63,6 x 4.9,2
OPA3832,3,250,72,52,2.02,6 x 8.65,6
OPA3693,3,800,,29,2.8,6 x 4.9,7
LMV841,1,4.5,112,4,0.81,2.1 x 2,1
LMP7721,1,17,100,29,1.88,6 x 4.9,1
MC33078-EP,2,16,100,29,0.8,6 x 4.9,3
OPA2727,2,20,94,29,1,6 x 4.9,4
OPA4727,4,20,94,32,1.4,6.4 x 5,3
OPA4379,4,0.09,100,32,0.8,6.4 x 5,6
OPA2365,2,50,120,29,0.95,6 x 4.9,4
THS4520,1,1200,84,9,2.24,3 x 3,9
LMP2231,1,0.13,97,29,0.71,6 x 4.9,0
LMP2232,2,0.13,97,29,1.03,6 x 4.9,9
LMH6552,1,1500,80,29,3.76,6 x 4.9,5
LMP2234,4,0.13,97,52,1.46,6 x 8.65,4
TL974,4,12,85,,0.3,52 mm2,2
LM4562,2,55,120,,1.16,29 mm2,9
LMH6733,3,1000,55,29,3.21,6 x 4.9,5
OPA365,1,50,120,29,0.65,6 x 4.9,1
OPA336-EP,1,0.1,86,8,2.45,2.8 x 2.9,5
TLV4113-EP,2,2.7,68,15,2.55,4.9 x 3,4
LMP7702,2,2.5,130,29,1.48,6 x 4.9,4
LMP7715,1,17,100,8,0.75,2.8 x 2.9,4
LMP7716,2,17,100,15,1.13,4.9 x 3,7
LMH6321,1,110,,154,2.28,15.24 x 10.1,5
OPA333,1,0.35,130,4,0.95,2.1 x 2,0
OPA2333,2,0.35,130,29,1.5,6 x 4.9,1
LMH6618,1,140,96,8,1.34,2.8 x 2.9,9
LMP7704,4,2.5,130,52,1.99,6 x 8.65,1
LMH6505,1,,,29,2.63,6 x 4.9,0
OPA379,1,0.09,100,4,0.4,2.1 x 2,3
OPA2379,2,0.09,100,29,0.64,6 x 4.9,3
LMP7701,1,2.5,130,29,1.13,6 x 4.9,6
BUF602,1,1000,,29,0.93,6 x 4.9,5
OPA567,1,1.2,80,25,2.3,5 x 5,9
THS4508,1,3000,90,9,5.18,3 x 3,1
THS4511,1,2000,90,9,5.45,3 x 3,5
THS4513,1,2800,90,9,4.47,3 x 3,4
LMP7712,2,17,100,9,1.05,3 x 3,5
LPV511,1,0.027,115,4,0.51,2.1 x 2,3
LMH6702QML-SP,1,1700,48,,,,5
OPA2300,2,150,80,9,0.99,3 x 3,2
OPA2301,2,150,80,29,0.99,6 x 4.9,6
LMP7711,1,17,100,8,0.8,2.8 x 2.9,5
LMH6515,1,600,85,16,4.36,4 x 4,3
OPA2832,2,250,72,29,1.2,6 x 4.9,9
OPA2830,2,290,80,29,1.3,6 x 4.9,5
THS4503-EP,1,300,80,15,7,4.9 x 3,2
THS6184,4,50,67,42,4.3,6.4 x 6.5,7
THS4271-EP,1,1400,72,15,5.34,4.9 x 3,3
LMP2012,2,3,130,29,1.25,6 x 4.9,1
LMH6551,1,370,80,29,1.71,6 x 4.9,0
THS4509,1,3000,90,9,4.13,3 x 3,6
MC33078,2,16,100,,0.24,29 mm2,1
THS4631,1,325,95,15,2.6,4.9 x 3,1
LMH6703,1,1800,47,29,1.35,6 x 4.9,6
LMH6601,1,250,68,4,0.62,2.1 x 2,0
LMH6601-Q1,1,250,68,4,0.81,2.1 x 2,0
LMP2011,1,3,130,29,0.9,6 x 4.9,4
LMP2014MT,4,3,130,32,2.1,6.4 x 5,9
OPA4820,4,650,85,52,3.13,6 x 8.65,0
LMH6550,1,400,82,29,2.26,6 x 4.9,8
OPA2694,2,1500,60,29,3.08,6 x 4.9,7
OPA694,1,1500,60,29,1.37,6 x 4.9,9
OPA358,1,80,80,4,0.45,2.1 x 2,4
OPA727,1,20,94,,0.61,15 mm2,3
OPA728,1,20,94,,0.7,15 mm2,2
OPA2381,2,18,110,,1.15,15 mm2,4
TLC2264A-Q1,4,0.71,83,32,1,6.4 x 5,1
OPA830,1,310,80,29,1.02,6 x 4.9,9
OPA832,1,160,72,29,0.8,6 x 4.9,2
OPA381,1,18,110,,0.75,15 mm2,6
THS4304,1,3000,95,29,2.41,6 x 4.9,6
OPA820,1,800,85,29,0.98,6 x 4.9,1
OPA2614,2,290,100,29,2.17,6 x 4.9,0
OPA2380,2,90,105,15,2.5,4.9 x 3,8
THS4041-Q1,1,165,90,29,2.63,6 x 4.9,7
THS4281,1,95,107,29,1.23,6 x 4.9,2
TLE2021-Q1,1,1.7,110,29,0.66,6 x 4.9,3
TLE2021-EP,1,1.7,110,29,0.7,6 x 4.9,3
TLE2021A-EP,1,1.7,110,29,0.7,6 x 4.9,0
TLE2021A-Q1,1,1.7,110,29,0.8,6 x 4.9,1
TLE2022-Q1,2,1.7,100,29,1.15,6 x 4.9,1
TLE2022-EP,2,1.7,100,29,1.75,6 x 4.9,1
TLE2022A-EP,2,1.7,102,29,1.75,6 x 4.9,8
TLE2024A-EP,4,1.7,115,77,2.56,7.5 x 10.3,1
OPA2613,2,230,100,29,2.02,6 x 4.9,3
OPA380,1,90,110,29,1.95,6 x 4.9,0
OPA2846,2,1750,110,29,3.2,6 x 4.9,6
LMH6704,1,650,,29,1.46,6 x 4.9,9
TLC2254A-Q1,4,0.2,83,32,0.95,6.4 x 5,2
THS3092,2,145,78,19,6.45,3.9 x 4.89,6
THS3096,2,145,78,32,7.56,6.4 x 5,0
OPA2735,2,1.6,130,29,2.24,6 x 4.9,4
OPA2734,2,1.6,130,9,2.24,3 x 3,4
TLV2252A-Q1,2,0.2,83,29,0.83,6 x 4.9,8
TLC2252A-Q1,2,0.2,83,29,0.84,6 x 4.9,5
TLV2254A-Q1,4,0.2,83,52,1.55,6 x 8.65,6
TLE2301,1,8,97,,2.59,,3
OPA1632,1,180,90,15,2.23,4.9 x 3,3
TLC2252A-EP,2,0.2,83,29,1.02,6 x 4.9,4
TLV2252A-EP,2,0.2,83,29,1.08,6 x 4.9,2
TLC2254A-EP,4,0.2,83,52,1.25,6 x 8.65,5
TLV2254A-EP,4,0.2,75,52,1.71,6 x 8.65,8
OPA735,1,1.6,130,29,1.4,6 x 4.9,8
OPA734,1,1.6,130,29,1.4,6 x 4.9,5
OPA695,1,1700,56,29,1.54,6 x 4.9,4
OPA301,1,150,80,29,0.75,6 x 4.9,6
TLC2274A-Q1,4,2.18,75,52,0.95,6 x 8.65,1
TLC2274A-EP,4,2.18,75,52,2.33,6 x 8.65,6
THS4303,1,1800,60,9,3.28,3 x 3,0
OPA4684M,4,210,60,,,,3
OPA693,1,1400,,29,1.75,6 x 4.9,0
OPA699,1,1000,61,29,2.14,6 x 4.9,1
OPA698,1,250,61,29,2.08,6 x 4.9,2
TLE2037A-Q1,1,50,131,29,1.73,6 x 4.9,2
LMH6739,3,750,50,29,2.85,6 x 4.9,5
LMH6503,1,,,52,3.64,6 x 8.65,7
THS3091,1,235,69,19,3.9,3.9 x 4.89,9
THS3095,1,235,69,19,4.15,3.9 x 4.89,8
THS3111,1,100,68,15,2,4.9 x 3,4
THS3110,1,100,68,15,2.05,4.9 x 3,3
THS3120,1,130,70,15,3.35,4.9 x 3,3
THS3121,1,130,70,15,3.66,4.9 x 3,1
LMH6738,3,750,50,29,3.38,6 x 4.9,4
TLV2442A-Q1,2,1.81,75,29,0.89,6 x 4.9,4
TLV2432A-Q1,2,0.5,90,29,0.96,6 x 4.9,9
LMH6609,1,900,73,29,1.08,6 x 4.9,9
LMH6723,1,370,60,29,0.78,6 x 4.9,5
OPA2674,2,250,55,29,1.72,6 x 4.9,0
THS7530,1,300,114,32,3.95,6.4 x 5,2
OPA847,1,3900,110,29,2.27,6 x 4.9,7
OPA300,1,150,80,29,0.75,6 x 4.9,5
LMH6628QML-SP,2,300,62,,,,0
LMH6626,2,1600,95,29,2.64,6 x 4.9,1
SN10502,2,170,96,15,1.38,4.9 x 3,7
LMH6715QML-SP,2,480,56,,,,0
LMH6715QML,2,480,56,,,,2
LMH6628QML,2,300,62,,,,1
THS6182,2,100,54,133,4.05,10.405000000000001 x 12.825,0
LMH6559,1,1750,,29,1.08,6 x 4.9,5
RC4580,2,12,110,,0.28,29 mm2,5
SN10501,1,170,96,15,0.7,4.9 x 3,8
OPA846,1,1750,110,29,1.82,6 x 4.9,5
SN10503,3,170,96,32,2.13,6.4 x 5,2
TLC2272A-Q1,2,2.18,75,29,0.83,6 x 4.9,1
LMH6722,4,400,54,52,1.83,6 x 8.65,3
LMV2011,1,3,130,29,1.08,6 x 4.9,8
LMH6732,1,540,52,29,2.64,6 x 4.9,1
LMH6724,2,370,60,29,1.35,6 x 4.9,2
THS4221,1,230,94,15,1.05,4.9 x 3,6
THS4225,1,230,94,15,1.26,4.9 x 3,8
OPA569,1,1.2,90,133,3.9,10.405000000000001 x 12.825,5
OPA843,1,1500,95,29,1.71,6 x 4.9,4
OPA842,1,350,95,29,1.75,6 x 4.9,3
THS4302,1,1200,60,9,3.17,3 x 3,4
OPA2683,2,145,56,29,2.01,6 x 4.9,2
LMH6682,2,380,82,29,0.76,6 x 4.9,6
LMH6714,1,400,54,29,0.95,6 x 4.9,5
LMH6720,1,400,54,29,1.12,6 x 4.9,4
LMH6683,3,380,82,52,1.18,6 x 8.65,5
LMH6702,1,1700,48,29,1.45,6 x 4.9,4
TLC2272A-EP,2,2.18,75,29,2,6 x 4.9,7
OPA4684,4,210,60,52,3.3,6 x 8.65,8
OPA3684,3,210,60,52,3.44,6 x 8.65,6
THS4211,1,1000,56,15,2.59,4.9 x 3,4
THS4215,1,1000,56,15,2.59,4.9 x 3,4
THS4271,1,1400,72,15,2.99,4.9 x 3,0
THS4275,1,1400,72,15,3.19,4.9 x 3,7
THS4222,2,230,94,15,1.38,4.9 x 3,8
THS4226,2,230,94,15,1.66,4.9 x 3,0
LMH6658,2,270,84,29,0.93,6 x 4.9,9
LMH6657,1,270,84,4,0.8,2.1 x 2,0
THS4505,1,210,80,15,2.16,4.9 x 3,3
THS4504,1,210,80,15,2.59,4.9 x 3,8
THS3062,2,300,72,15,7.23,4.9 x 3,1
THS3061,1,300,72,15,4.24,4.9 x 3,6
OPA334,1,2,130,8,1.12,2.8 x 2.9,7
OPA335,1,2,130,29,1.12,6 x 4.9,1
OPA2335,2,2,130,29,1.79,6 x 4.9,3
OPA2690,2,500,65,29,2.12,6 x 4.9,6
OPA2334,2,2,130,9,2.24,3 x 3,2
OPA2684,2,210,60,29,2.58,6 x 4.9,8
OPA357,1,250,68,8,0.7,2.8 x 2.9,3
OPA354,1,250,80,19,0.7,3.9 x 4.89,3
LMH6715,2,480,56,29,1.29,6 x 4.9,4
LMH6628,2,300,62,29,1.7,6 x 4.9,9
LM7171QML-SP,1,440,105,,,,4
OPA683,1,145,56,29,1.31,6 x 4.9,9
THS4500,1,300,80,15,4.53,4.9 x 3,4
THS4501,1,300,80,15,4.53,4.9 x 3,2
THS4502,1,300,80,15,4.96,4.9 x 3,5
THS4503,1,300,80,15,4.96,4.9 x 3,8
OPA692,1,280,,29,1.32,6 x 4.9,8
OPA3690,3,500,65,59,4.16,6 x 9.9,9
OPA684,1,210,60,29,1.48,6 x 4.9,8
OPA2357,2,250,68,9,1.1,3 x 3,7
OPA2354,2,250,80,19,1.1,3.9 x 4.89,3
OPA4354,4,250,80,52,1.6,6 x 8.65,9
OPA3692,3,280,,59,3.02,6 x 9.9,0
LMH6639,1,228,95,29,0.6,6 x 4.9,8
OPA690,1,500,65,29,1.63,6 x 4.9,1
OPA691,1,280,56,29,1.66,6 x 4.9,7
OPA2691,2,280,56,29,2.16,6 x 4.9,0
OPA3691,3,280,56,59,4.25,6 x 9.9,2
OPA656,1,500,86,29,4.73,6 x 4.9,1
OPA657,1,1600,89,29,5.84,6 x 4.9,3
THS4601,1,440,110,19,4.25,3.9 x 4.89,4
LMH6622,2,320,100,29,1.42,6 x 4.9,2
LMV771,1,3.5,90,4,0.45,2.1 x 2,1
LMH6644,4,130,95,52,1.24,6 x 8.65,8
TLV2381,1,0.16,74,29,0.67,6 x 4.9,7
TLV2382,2,0.16,74,29,0.89,6 x 4.9,6
THS3115,2,110,67,32,3.68,6.4 x 5,7
THS3125,2,138,67,32,4.81,6.4 x 5,5
THS3122,2,138,67,19,5.28,3.9 x 4.89,2
OPA356,1,200,80,29,0.7,6 x 4.9,7
OPA2356,2,450,80,29,1.15,6 x 4.9,4
OPA2355,2,200,80,9,1.45,3 x 3,4
LM6172QML-SP,2,80,110,,,,8
OPA3355,3,200,80,52,1.8,6 x 8.65,7
THS4120,1,100,96,15,2.31,4.9 x 3,6
OPA2677,2,220,55,19,1.98,3.9 x 4.89,6
THS6093,2,100,63,32,2.69,6.4 x 5,6
THS6043,2,120,68,32,3.66,6.4 x 5,8
THS6053,2,170,66,32,3.9,6.4 x 5,8
THS6042,2,120,68,19,4.4,3.9 x 4.89,7
OPA355,1,200,80,29,0.7,6 x 4.9,4
OPA2822,2,400,110,29,1.49,6 x 4.9,9
LMH6647,1,55,84,29,0.55,6 x 4.9,7
LMH6642,1,130,95,29,0.63,6 x 4.9,9
LMH6643,2,130,95,29,0.68,6 x 4.9,6
LMH6645,1,55,84,29,0.7,6 x 4.9,5
LMH6654,1,250,90,29,0.81,6 x 4.9,6
LMH6646,2,55,84,29,0.99,6 x 4.9,6
LMH6655,2,250,90,29,1.22,6 x 4.9,8
LMH6672,2,180,110,19,1.73,3.9 x 4.89,8
OPA704,1,3,90,29,1.46,6 x 4.9,6
OPA2703,2,1,90,29,2.4,6 x 4.9,3
OPA2704,2,3,90,29,2.4,6 x 4.9,3
OPA4703,4,1,90,52,4.53,6 x 8.65,4
OPA4704,4,3,90,52,4.53,6 x 8.65,8
THS4121,1,100,96,15,2.2,4.9 x 3,9
OPA549,1,0.9,95,90,13.5,4.5 x 20.02,7
THS4150,1,150,83,15,5.5,4.9 x 3,8
THS4151,1,150,83,15,5.61,4.9 x 3,6
TLV4120,1,1.4,95,15,1.59,4.9 x 3,8
TLV4111,1,2.7,68,15,0.95,4.9 x 3,1
TLV4110,1,2.7,68,15,1.12,4.9 x 3,8
TLV4113,2,2.7,68,15,1.16,4.9 x 3,2
OPA703,1,1,90,,1.46,29 mm2,0
THS4131,1,170,95,15,3.33,4.9 x 3,1
THS4130,1,170,95,15,3.48,4.9 x 3,2
THS4141,1,170,84,15,3.98,4.9 x 3,3
THS4140,1,170,84,15,4.09,4.9 x 3,4
OPA349,1,0.07,60,4,0.5,2.1 x 2,4
OPA2349,2,0.07,60,29,0.73,6 x 4.9,1
OPA452,1,1.8,94,154,2.9,15.24 x 10.1,8
TLV2401,1,0.0055,120,,0.73,29 mm2,3
TLV2402,2,0.0055,120,,1.12,29 mm2,2
THS4031M,1,200,95,,,79 mm2,2
THS4051M,1,70,100,,,79 mm2,9
LM7372,2,120,93,19,2.57,3.9 x 4.89,2
OPA2652,2,700,95,29,1.27,6 x 4.9,5
TLV2404,4,0.0055,120,,1.57,52 mm2,9
TLV2434A,4,0.5,83,52,1.23,6 x 8.65,8
TLV2444A,4,1.81,75,52,1.46,6 x 8.65,5
THS4082,2,175,90,15,2.09,4.9 x 3,2
THS4061M,1,180,110,,,79 mm2,4
THS4011M,1,290,95,,,79 mm2,1
TLV4112,2,2.7,68,15,1.03,4.9 x 3,6
THS4081,1,175,90,15,1.32,4.9 x 3,2
THS4041,1,165,90,15,2.23,4.9 x 3,8
THS4042,2,165,90,15,4.43,4.9 x 3,0
THS4021,1,3500,95,15,3.19,4.9 x 3,7
THS4022,2,3500,95,15,5.74,4.9 x 3,4
THS7001,1,2500,88,42,2.98,6.4 x 6.5,5
LT1013M,2,0.7,114,,,79 mm2,9
TLE2142AM,2,6,108,,,,8
TLC2252AM,2,0.2,83,,,,2
TLC2654AM,1,1.9,125,,,,0
TLE2024AM,4,1.7,155,,,79 mm2,7
TLE2141M,1,6,108,,,,0
TLV2252AM,2,0.2,83,,,,8
TLV2262AM,2,0.71,83,,,,3
TLV2264AM,4,0.71,83,,,,9
TLC2201M,1,1.8,110,,,79 mm2,0
OP27,1,8,120,,,79 mm2,7
OPA552,1,12,102,154,1.75,15.24 x 10.1,4
OPA551,1,3,102,154,1.9,15.24 x 10.1,1
THS4051,1,70,100,15,1.05,4.9 x 3,1
THS4052,2,70,100,15,1.6,4.9 x 3,3
OPA228,1,33,138,,1.24,29 mm2,5
THS4011,1,290,110,15,1.99,4.9 x 3,3
THS4012,2,290,110,15,3.23,4.9 x 3,7
THS7002,2,2500,88,43,5.63,4.4 x 9.7,9
OPA2227,2,8,138,,2.07,29 mm2,1
OPA2228,2,33,138,,2.07,29 mm2,0
OPA4228,4,33,138,,4.53,52 mm2,2
OPA4227,4,8,138,,4.53,52 mm2,7
THS4061,1,180,110,15,1.51,4.9 x 3,6
THS4031,1,200,95,15,2,4.9 x 3,6
THS4032,2,200,95,15,3.58,4.9 x 3,2
LPV358-N,2,0.152,71,29,0.36,6 x 4.9,2
LPV324-N,4,0.152,71,52,0.46,6 x 8.65,7
OPA4350,4,38,84,52,4.7,6 x 8.65,0
THS4062,2,180,110,15,2.31,4.9 x 3,3
TLE2021M,1,1.7,110,29,1.23,6 x 4.9,1
TLC2272AM,2,2.18,75,29,1.5,6 x 4.9,3
TLE2022M,2,1.7,100,29,1.74,6 x 4.9,0
TLE2037A,1,63,122,29,1.86,6 x 4.9,6
TLE2142AM-D,2,6,108,29,1.93,6 x 4.9,9
TLE2022AM,2,1.7,102,29,2.03,6 x 4.9,3
TLE2027M,1,13,131,29,2.59,6 x 4.9,0
TLC2201AM,1,1.8,110,29,2.87,6 x 4.9,1
TLE2024B,4,1.7,95,77,3.32,7.5 x 10.3,0
OPA350,1,38,84,,1.15,29 mm2,0
OPA227,1,8,138,,1.4,29 mm2,9
OPA2350,2,38,84,29,1.9,6 x 4.9,1
THS6012,2,140,70,133,3.87,10.405000000000001 x 12.825,3
OPA2241,2,0.035,124,,2.18,29 mm2,8
OPA2251,2,0.035,124,,2.22,29 mm2,7
OPA4241,4,0.035,124,,4.77,52 mm2,4
OPA4251,4,0.035,124,52,5.97,6 x 8.65,1
LPV321-N,1,0.152,71,4,0.32,2.1 x 2,1
THS3001,1,420,73,15,5.06,4.9 x 3,6
THS4001,1,270,100,29,1.98,6 x 4.9,4
OPA277,1,1,140,,1.26,29 mm2,0
OPA2277,2,1,140,,1.88,29 mm2,5
OPA4277,4,1,140,,4.38,52 mm2,7
TLC4502AM,2,4.7,100,,,,2
TLC4502M,2,4.7,100,,,,7
TLV2422A,2,0.052,83,29,0.9,6 x 4.9,2
OPA340,1,5.5,92,,0.95,29 mm2,6
OPA241,1,0.035,124,,1.31,29 mm2,6
OPA251,1,0.035,124,29,1.31,6 x 4.9,0
OPA2340,2,5.5,92,,1.45,29 mm2,0
OPA4340,4,5.5,92,52,2.65,6 x 8.65,6
LMC6442,2,0.01,92,,0.87,29 mm2,7
OPA336,1,0.1,86,29,0.4,6 x 4.9,1
OPA4336,4,0.1,86,29,1.99,6 x 4.9,2
OPA548,1,1,95,154,7.94,15.24 x 10.1,5
LM7171QML,1,440,105,,,,0
OPA2336,2,0.1,86,,1.1,29 mm2,7
OPA547,1,1,95,154,5.75,15.24 x 10.1,2
TLV2442AM,2,1.81,75,,,,8
TLV2442A,2,1.81,75,29,0.83,6 x 4.9,0
TLV2432A,2,0.5,83,29,0.89,6 x 4.9,6
TLC4502,2,4.7,100,29,2.47,6 x 4.9,8
OPA2237,2,1.4,90,29,1.04,6 x 4.9,0
OPA237,1,1.4,90,29,0.57,6 x 4.9,5
LM6172QML,2,80,110,,,,8
LMC6464QML,4,0.05,85,,,,2
OPA132,1,8,100,29,1.66,6 x 4.9,9
OPA2132,2,8,100,,2.77,29 mm2,4
OPA2544,2,1.4,106,,13.5,,3
LM6152,2,75,94,29,1.78,6 x 4.9,8
LM6154,4,75,94,52,3.25,6 x 8.65,6
LM7121,1,175,93,29,1.38,6 x 4.9,2
LM6171,1,160,110,,1.64,29 mm2,9
LM6172,2,160,110,,1.82,29 mm2,7
LMC6464,4,0.05,85,,1.68,52 mm2,7
TLC2252A,2,0.2,83,,0.71,29 mm2,3
TLV2252A,2,0.2,83,,0.83,29 mm2,4
TLC2254A,4,0.2,83,,0.89,52 mm2,0
TLV2254A,4,0.2,75,,1.34,52 mm2,8
OPA131,1,4,80,29,0.85,6 x 4.9,5
LM7171,1,440,105,,1.21,29 mm2,6
LMC6462,2,0.05,85,,1.01,29 mm2,1
OPA544,1,1.4,106,155,9.09,15.24 x 10.16,3
LMC6001,1,1.3,83,,6.62,,5
TLV2264A,4,0.71,83,,1.34,52 mm2,8
LMC6482QML,2,1.5,82,,,,1
TLV2262A,2,0.71,83,,0.95,29 mm2,5
LMC6484QML,4,1.5,82,,,,9
LMC6482,2,1.5,82,,0.57,29 mm2,5
LMC6484,4,1.5,82,,0.95,52 mm2,9
LMC6064,4,0.1,85,,1.82,52 mm2,6
LMC6084,4,1.3,85,52,2.63,6 x 8.65,4
LMC6061,1,0.1,85,29,0.55,6 x 4.9,5
LMC6081,1,1.3,85,,0.94,29 mm2,4
OPA604,1,20,100,,1.23,29 mm2,4
TLC2274A,4,2.18,75,,0.8,52 mm2,4
LMC6062,2,0.1,85,,1,29 mm2,2
LMC6082,2,1.3,85,,1.57,29 mm2,3
TLC2272A,2,2.18,75,,0.7,29 mm2,2
TLE2142A,2,6,108,29,1.68,6 x 4.9,1
LMC6042,2,0.1,75,,1.09,29 mm2,3
LMC6044,4,0.1,75,,1.13,52 mm2,1
TLE2141,1,6,108,,0.64,29 mm2,2
OPA177,1,0.6,140,,1.05,29 mm2,2
OPA1013,2,0.5,104,,2.62,,4
RC4558,2,3,90,,0.08,48 mm2,5
OP07C,1,0.6,120,,0.23,29 mm2,9
NE5532,2,10,100,,0.26,48 mm2,9
NE5534,1,10,100,,0.29,29 mm2,2
NE5534A,1,10,100,,0.33,29 mm2,6
NE5532A,2,10,100,,0.33,48 mm2,2
OP07D,1,0.6,110,,0.34,48 mm2,7
TL592B,1,,,,0.54,48 mm2,6
LT1013D,2,0.7,114,,0.74,29 mm2,9
LT1013,2,0.7,114,,0.74,29 mm2,2
TL052A,2,3.3,93,,0.77,29 mm2,1
TL032A,2,1.1,94,,0.88,29 mm2,4
TL051A,1,3.3,93,,1.25,29 mm2,3
LT1014D,4,0.7,117,,3.36,77 mm2,8
LT1014,4,0.7,117,,4.11,,8
TLE2022,2,1.7,110,,0.75,29 mm2,6
TLE2022A,2,1.7,110,,1,29 mm2,9
TLE2024A,4,1.7,115,,1.88,77 mm2,3
TLE2021,1,1.7,110,,0.53,29 mm2,6
TLE2021A,1,1.7,110,,0.68,29 mm2,1
TLC2652,1,1.9,140,,2.79,29 mm2,0
OPA445,1,2,95,,4.75,19 mm2,2
OPA2541,2,1.6,106,974,227.48,25.4 x 38.35,9
OPA541,1,2,113,,12.6,,8
OPA404,4,6.4,100,,8.15,77 mm2,9
TLC277,2,0.32,80,,0.84,48 mm2,1
TLC279,4,0.32,80,,1.18,52 mm2,0
OPA27,1,8,122,,1.32,29 mm2,5
OPA37,1,63,122,,1.37,29 mm2,9
LM675,1,5.5,90,,2.44,,9
TLE2141AM,1,6,108,,,,0
ICL7652,1,1.9,140,,2.91,,0
LM321LV,1,1,,4,0.05,2.1 x 2,8
LM358LV,2,1,100,29,0.06,6 x 4.9,9
LM2904LV,2,1,,29,0.06,6 x 4.9,7
LM358B,2,1.2,100,29,0.06,6 x 4.9,1
LM258,2,0.7,80,,0.07,29 mm2,4
LM324,4,1.2,80,,0.07,80 mm2,9
LM358,2,0.7,80,,0.07,48 mm2,9
LM324A,4,1.2,80,,0.07,80 mm2,6
LM358A,2,0.7,80,,0.07,29 mm2,4
LM324LV,4,1,,52,0.08,6 x 8.65,6
LM2902LV,4,1,,52,0.08,6 x 8.65,0
LM224,4,1.2,80,,0.08,52 mm2,1
LM224A,4,1.2,80,,0.08,52 mm2,8
LM258A,2,0.7,80,,0.08,29 mm2,9
LM2902,4,1.2,80,,0.08,80 mm2,7
LM2904,2,0.7,80,,0.08,48 mm2,8
LM2902K,4,1.2,80,,0.09,80 mm2,5
LM248,4,1,90,,0.11,52 mm2,9
LM348,4,1,90,,0.11,80 mm2,4
UA741,1,1,90,,0.11,48 mm2,9
TLV9001,1,1,95,4,0.12,2.1 x 2,0
TL071,1,3,100,,0.12,48 mm2,2
TL081,1,3,86,,0.12,48 mm2,5
LM2900,4,2.5,,,0.12,52 mm2,0
LM324K,4,1.2,80,,0.12,80 mm2,3
LM2904V,2,0.7,80,29,0.13,6 x 4.9,0
LM324KA,4,1.2,80,,0.13,80 mm2,2
LM2902KV,4,1.2,80,52,0.13,6 x 8.65,6
TL064,4,1,86,,0.13,80 mm2,1
MC1458,2,1,90,,0.13,48 mm2,5
LM224KA,4,1.2,80,,0.14,52 mm2,0
LM2902-Q1,4,1.2,80,52,0.14,6 x 8.65,3
LM2904-Q1,2,0.7,80,29,0.14,6 x 4.9,5
LF353,2,3,100,,0.14,29 mm2,3
TL061,1,1,86,,0.14,48 mm2,3
TL084,4,3,86,,0.14,80 mm2,0
LM224K,4,1.2,80,,0.14,52 mm2,0
TLV9061,1,10,103,4,0.15,2.1 x 2,9
TL074,4,3,100,,0.15,80 mm2,4
TLV6001,1,1,76,4,0.16,2.1 x 2,6
TL031,1,1.1,94,,0.16,29 mm2,7
TL051,1,3.3,93,,0.16,29 mm2,7
LM2902KAV,4,1.2,80,52,0.17,6 x 8.65,8
LM124,4,1.2,80,52,0.17,6 x 8.65,8
LP324,4,0.1,90,,0.17,52 mm2,4
TLV313,1,1,85,4,0.18,2.1 x 2,5
TLV9002,2,1,90,29,0.18,6 x 4.9,1
LP358,2,0.1,90,29,0.18,6 x 4.9,9
TL062,2,1,86,,0.18,48 mm2,0
TL072,2,3,100,,0.18,48 mm2,7
TL082,2,3,86,,0.18,48 mm2,1
TSV911,1,8,103,4,0.19,2.1 x 2,4
LMV321A,1,1,77,4,0.19,2.1 x 2,0
TLV6001-Q1,1,1,76,4,0.19,2.1 x 2,8
LM321,1,1,85,8,0.19,2.8 x 2.9,2
TL022,2,0.5,72,,0.19,48 mm2,9
TL032,2,1.1,94,,0.19,48 mm2,4
TL052,2,3.3,93,,0.19,48 mm2,3
LMV611,1,1.5,86,4,0.19,2.1 x 2,4
TL3472,2,4,97,,0.2,29 mm2,9
LF347,4,3,100,,0.2,52 mm2,7
LF347B,4,3,100,,0.2,52 mm2,6
LMV321,1,1,65,4,0.2,2.1 x 2,5
OPA348,1,1,82,4,0.2,2.1 x 2,3
TL103W,2,0.9,85,29,0.21,6 x 4.9,1
TLV314,1,3,96,4,0.21,2.1 x 2,8
TLV313-Q1,1,1,85,4,0.21,2.1 x 2,2
TL071A,1,3,100,,0.21,29 mm2,2
TLV2362,2,7,60,,0.22,29 mm2,7
TL082-Q1,2,3,86,29,0.22,6 x 4.9,2
OPA347,1,0.35,80,,0.22,4 mm2,2
LMV324A,4,1,77,52,0.23,6 x 8.65,2
LMV358A,2,1,77,29,0.23,6 x 4.9,0
TLV6002,2,1,76,29,0.23,6 x 4.9,3
TLV9062,2,10,103,29,0.23,6 x 4.9,8
TL971-Q1,1,12,85,29,0.23,6 x 4.9,2
OPA337,1,3,90,29,0.23,6 x 4.9,2
TL082A,2,3,86,,0.24,48 mm2,4
TLV316,1,10,90,4,0.24,2.1 x 2,3
OPA348-Q1,1,1,82,29,0.24,6 x 4.9,0
TL3472-Q1,2,4,97,29,0.24,6 x 4.9,4
TS321,1,0.8,85,29,0.24,6 x 4.9,6
LMV324,4,1,65,52,0.24,6 x 8.65,9
LMV341,1,1,86,4,0.24,2.1 x 2,0
LMV358,2,1,65,29,0.24,6 x 4.9,1
LMV612,2,1.5,86,29,0.24,6 x 4.9,3
TL062A,2,1,86,,0.24,48 mm2,8
TLV271,1,3,80,,0.25,29 mm2,3
TLV6741,1,10,130,4,0.25,2.1 x 2,9
TLV314-Q1,1,3,96,8,0.25,2.8 x 2.9,5
LF356,1,5,100,,0.25,29 mm2,1
LM741,1,1,90,,0.25,,3
MC3303,4,1,90,,0.25,52 mm2,1
TL072A,2,3,100,,0.25,29 mm2,4
TL081A,1,3,86,,0.25,29 mm2,9
LM358-N,2,1,85,,0.26,,3
TL103WA,2,0.9,85,29,0.26,6 x 4.9,3
LMV342,2,1,86,29,0.26,6 x 4.9,3
LP2902,4,0.1,90,,0.26,52 mm2,3
TSM104W,2,0.9,85,59,0.26,6 x 9.9,7
TLV9004,4,1,77,4,0.27,2 x 2,4
TLV6002-Q1,2,1,76,29,0.27,6 x 4.9,1
TSV912,2,8,103,29,0.27,6 x 4.9,1
TL074A,4,3,100,,0.27,80 mm2,7
LMV341-Q1,1,1,86,4,0.27,2.1 x 2,2
TLV2313,2,1,85,29,0.27,6 x 4.9,9
LM2904-N,2,1,70,,0.27,,4
LM833-N,2,15,100,,0.28,29 mm2,3
TSM102,2,2.1,90,59,0.28,6 x 9.9,1
TL081B,1,3,86,,0.28,29 mm2,0
TLV170,1,1.2,110,29,0.28,6 x 4.9,8
RC4559,2,4,100,,0.28,29 mm2,6
LMV551,1,3,93,4,0.28,2.1 x 2,2
TLV316-Q1,1,10,90,8,0.28,2.8 x 2.9,3
TS321-Q1,1,0.8,85,8,0.28,2.8 x 2.9,3
LMV358-N,2,1,65,29,0.28,6 x 4.9,4
SA5532A,2,10,100,,0.29,29 mm2,1
LMV344,4,1,86,52,0.29,6 x 8.65,7
TLV2361,1,7,60,8,0.29,2.8 x 2.9,8
TL061A,1,1,86,,0.29,29 mm2,9
TLV9052,2,5,96,29,0.29,6 x 4.9,9
TLV171,1,3,105,29,0.29,6 x 4.9,3
SA5532,2,10,100,,0.29,29 mm2,5
LMV321-N,1,1,65,4,0.29,2.1 x 2,4
OPA313,1,1,80,4,0.3,2.1 x 2,6
TL071B,1,3,100,,0.3,29 mm2,9
TLV272,2,3,80,,0.3,29 mm2,8
TL972-Q1,2,12,85,29,0.3,6 x 4.9,8
TLV271-Q1,1,3,80,29,0.3,6 x 4.9,7
TLV6004,4,1,76,32,0.31,6.4 x 5,0
TL3414A,2,1.1,79,29,0.31,6 x 4.9,4
TLC271A,1,0.32,80,,0.31,48 mm2,5
TLC271,1,0.32,80,,0.31,48 mm2,7
LM1458,2,1,90,,0.31,29 mm2,2
TLV2313-Q1,2,1,85,29,0.32,6 x 4.9,6
TLV2314,2,3,96,29,0.32,6 x 4.9,0
SA5534,1,10,100,,0.32,48 mm2,2
TL064A,4,1,86,,0.32,52 mm2,6
TL064B,4,1,86,,0.32,52 mm2,4
TL074B,4,3,100,,0.32,52 mm2,2
TLV341,1,2.2,90,4,0.32,2.1 x 2,4
LMV614,4,1.5,86,52,0.32,6 x 8.65,0
TLC271B,1,0.32,80,,0.33,48 mm2,3
TLC27L2,2,0.085,94,,0.33,48 mm2,9
TLC27M2,2,0.525,91,,0.33,48 mm2,1
LMC7101,1,1.1,82,8,0.33,2.8 x 2.9,6
LP324-N,4,0.1,90,,0.33,52 mm2,2
LMV301,1,1,111,4,0.33,2.1 x 2,5
LMV321-N-Q1,1,1,65,8,0.34,2.8 x 2.9,5
LMV358-N-Q1,2,1,65,29,0.34,6 x 4.9,9
TLV171-Q1,1,3,120,8,0.34,2.8 x 2.9,7
LMV341-N,1,1,86,4,0.34,2.1 x 2,4
LMV551-Q1,1,3,93,4,0.34,2.1 x 2,4
TLV9064,4,10,103,4,0.34,2 x 2,3
LM324-N,4,1,85,,0.34,52 mm2,3
OPA314,1,3,80,4,0.34,2.1 x 2,8
TLV342,2,2.2,90,29,0.34,6 x 4.9,0
LMV721,1,10,89,4,0.34,2.1 x 2,8
TLV272-Q1,2,3,80,29,0.35,6 x 4.9,3
LM2902-N,4,1,70,,0.35,52 mm2,8
TL974-Q1,4,12,85,32,0.35,6.4 x 5,3
TSM104WA,2,0.9,85,59,0.35,6 x 9.9,1
LMV344-Q1,4,1,86,32,0.35,6.4 x 5,6
LMC6032,2,1.4,83,,0.35,29 mm2,9
TL072B,2,3,100,,0.35,29 mm2,3
LM2902-EP,4,1.2,80,32,0.36,6.4 x 5,6
SA5534A,1,10,100,,0.36,29 mm2,7
TLV2316,2,10,90,29,0.36,6 x 4.9,1
MCP6291,4,10,103,4,0.36,2.1 x 2,0
TL084A,4,3,86,,0.36,80 mm2,2
TL084B,4,3,86,,0.36,52 mm2,8
LF353-N,2,4,100,,0.36,29 mm2,8
TSM102A,2,2.1,90,59,0.37,6 x 9.9,0
TLV2631,1,9,100,8,0.37,2.8 x 2.9,2
OPA2348,2,1,82,29,0.37,6 x 4.9,5
TL082B,2,3,86,,0.37,29 mm2,7
TLV2314-Q1,2,3,96,29,0.38,6 x 4.9,9
TL072-EP,2,3,100,29,0.38,6 x 4.9,4
TLC27M2A,2,0.525,91,,0.38,29 mm2,8
TLV341A,1,2.2,90,4,0.38,2.1 x 2,2
TLV342S,2,2.2,90,3,0.38,2 x 1.5,1
LM318-N,1,15,100,,0.38,29 mm2,2
TLV172,1,10,116,4,0.38,2.1 x 2,7
TSV914,4,8,103,52,0.38,6 x 8.65,1
TL082-N,2,4,100,,0.39,29 mm2,6
TLC27M4,4,0.525,91,,0.39,80 mm2,5
OPA2347,2,0.35,80,,0.39,29 mm2,0
OPA342,1,1,88,29,0.39,6 x 4.9,2
LMV722,2,10,89,29,0.39,6 x 4.9,0
OPA314-Q1,1,3,96,8,0.4,2.8 x 2.9,5
LMV324-N,4,1,65,52,0.4,6 x 8.65,9
TLC27L1B,1,0.085,94,29,0.4,6 x 4.9,9
TLC27L2B,2,0.085,94,,0.4,29 mm2,7
TLC27L4,4,0.085,94,,0.4,80 mm2,0
OPA2337,2,3,90,,0.4,29 mm2,9
OPA316,1,10,80,4,0.4,2.1 x 2,4
OPA373,1,6.5,90,29,0.4,6 x 4.9,3
OPA374,1,6.5,90,29,0.4,6 x 4.9,9
LM13700,2,2,110,,0.4,59 mm2,4
UA747,4,1,90,,0.4,,1
LMV981-N,1,1.5,86,,0.41,4 mm2,6
TLC27L1A,1,0.085,94,,0.41,29 mm2,3
TLV2621,1,11,99,29,0.41,6 x 4.9,2
TLV342A,2,2.2,90,29,0.41,6 x 4.9,1
TLV4313,4,1,85,32,0.41,6.4 x 5,3
TLV2170,2,1.2,110,29,0.41,6 x 4.9,9
TLC272,2,0.32,80,,0.41,48 mm2,7
TL343,1,1,90,8,0.41,2.8 x 2.9,3
TLC27M4A,4,0.525,91,,0.42,52 mm2,2
TL3474,4,4,97,,0.42,52 mm2,4
TLV274,4,3,80,,0.42,52 mm2,8
TLV2316-Q1,2,10,90,15,0.43,4.9 x 3,8
LMV710-N,1,5,70,8,0.43,2.8 x 2.9,9
TLC27L2M,2,0.085,94,29,0.43,6 x 4.9,1
TLV2171,2,3,105,29,0.43,6 x 4.9,8
LMC7111,1,0.05,85,8,0.43,2.8 x 2.9,3
OPA2313,2,1,80,29,0.43,6 x 4.9,7
TL062B,2,1,86,,0.43,29 mm2,8
LF412,2,3,100,,0.43,29 mm2,7
OPA2348-Q1,2,1,82,29,0.44,6 x 4.9,0
LMV342-N,2,1,86,29,0.44,6 x 4.9,2
LMV821-N,1,5.6,90,4,0.44,2.1 x 2,7
TLC27L4B,4,0.085,94,,0.44,52 mm2,9
TLV2711,1,0.065,83,8,0.44,2.8 x 2.9,3
TLV2721,1,0.51,85,8,0.44,2.8 x 2.9,3
TLV2731,1,2,70,8,0.44,2.8 x 2.9,8
TLV2371,1,3,72,,0.45,29 mm2,0
TLV27L1,1,0.16,86,29,0.45,6 x 4.9,7
TLC272A,2,0.32,80,,0.45,29 mm2,6
LF411,1,3,100,,0.45,29 mm2,8
LM392,2,1,70,,0.45,29 mm2,7
LP2904,2,0.1,90,29,0.45,6 x 4.9,2
LMV931-N,1,1.5,86,4,0.46,2.1 x 2,6
LMV722-Q1,2,10,88,15,0.46,4.9 x 3,6
LMC8101,1,1,87,,0.46,,1
OPA170,1,1.2,120,29,0.46,6 x 4.9,6
OPA171,1,3,120,29,0.46,6 x 4.9,7
LMV552,2,3,93,15,0.46,4.9 x 3,5
LMV651,1,12,100,4,0.46,2.1 x 2,1
LMV831,1,3.3,93,4,0.46,2.1 x 2,5
LMV324-N-Q1,4,1,65,52,0.47,6 x 8.65,7
OPA316-Q1,1,10,86,8,0.47,2.8 x 2.9,5
OPA377-Q1,1,5.5,90,8,0.47,2.8 x 2.9,4
LP2902-N,4,0.1,90,,0.47,52 mm2,6
TLV2211,1,0.065,83,8,0.47,2.8 x 2.9,5
TLV2221,1,0.51,83,8,0.47,2.8 x 2.9,2
TLV2231,1,2,70,8,0.47,2.8 x 2.9,3
TLV4314,4,3,96,32,0.48,6.4 x 5,4
TLC272B,2,0.32,80,,0.48,48 mm2,2
LMC7101Q-Q1,1,1.1,82,8,0.49,2.8 x 2.9,7
TLV274-Q1,4,3,80,52,0.49,6 x 8.65,5
TLV2371-Q1,1,3,72,29,0.5,6 x 4.9,5
TL074-EP,4,3,100,52,0.5,6 x 8.65,6
OPA4348,4,1,82,52,0.5,6 x 8.65,7
LMC6022,2,0.35,83,29,0.5,6 x 4.9,5
OPA172,1,10,120,4,0.5,2.1 x 2,0
OPA344,1,1,92,,0.5,29 mm2,1
OPA345,1,3,92,29,0.5,6 x 4.9,0
OPA705,1,1,77,,0.5,29 mm2,1
RC4136,4,3,90,,0.5,,2
TLC071,1,10,95,15,0.5,4.9 x 3,3
OPA2313-Q1,2,1,80,29,0.51,6 x 4.9,1
LMV716,2,5,80,15,0.51,4.9 x 3,2
LMV796,1,17,100,8,0.51,2.8 x 2.9,4
LPV531,1,4.6,95,8,0.51,2.8 x 2.9,8
LMV344-N,4,1,86,52,0.52,6 x 8.65,2
LMV721-N,1,10,89,4,0.52,2.1 x 2,2
TL3474A,4,4,97,,0.52,52 mm2,0
OPA2314,2,3,80,29,0.52,6 x 4.9,8
LM318,1,15,100,,0.52,48 mm2,4
LMV116,1,45,85,8,0.53,2.8 x 2.9,5
LMV931-N-Q1,1,1.5,86,4,0.54,2.1 x 2,5
OPA170-Q1,1,1.2,120,8,0.54,2.8 x 2.9,1
OPA171-Q1,1,3,120,8,0.54,2.8 x 2.9,0
LMV822-N,2,5.6,90,29,0.54,6 x 4.9,4
TLV4316,4,10,90,52,0.54,6 x 8.65,2
TLC081,1,10,110,15,0.54,4.9 x 3,1
LF412-N,2,4,100,,0.54,,8
TLC27M4B,4,0.525,91,,0.55,52 mm2,6
TLV2370,1,3,72,,0.55,29 mm2,1
LMC6034,4,1.4,83,52,0.55,6 x 8.65,5
OPA2990,2,1.25,120,29,0.55,6 x 4.9,5
OPA322,1,20,100,8,0.55,2.8 x 2.9,9
OPA338,1,62.5,90,29,0.55,6 x 4.9,1
LM837,4,10,100,52,0.55,6 x 8.65,6
LMV712-N,2,5,80,,0.56,9 mm2,2
OPA244,1,0.43,98,29,0.56,6 x 4.9,1
TLC274,4,0.32,80,,0.56,80 mm2,3
TLV4314-Q1,4,3,96,32,0.57,6.4 x 5,3
LMV824-N,4,5.6,90,52,0.57,6 x 8.65,0
LMV932-N,2,1.5,86,29,0.57,6 x 4.9,5
LMV982-N,2,1.5,86,9,0.57,3 x 3,0
TLV2172,2,10,116,29,0.57,6 x 4.9,6
MCP6292,2,10,103,29,0.57,6 x 4.9,4
TL034,4,1.1,94,,0.57,80 mm2,9
LMV791,1,17,100,8,0.57,2.8 x 2.9,4
TLV2632,2,9,100,29,0.58,6 x 4.9,0
LMC6035,2,1.4,96,,0.58,29 mm2,1
LMC662,2,1.4,83,,0.58,29 mm2,5
OPA4348-Q1,4,1,82,32,0.59,6.4 x 5,1
LMC6024,4,0.35,83,52,0.59,6 x 8.65,3
LMV951,1,2.8,93,8,0.59,2.8 x 2.9,0
OPA2316,2,10,80,29,0.6,6 x 4.9,9
OPA2338,2,12.5,90,29,0.6,6 x 4.9,2
OPA2377,2,5.5,90,29,0.6,6 x 4.9,6
OPA2342,2,1,88,29,0.61,6 x 4.9,9
LM218-Q1,1,15,100,29,0.61,6 x 4.9,1
TLV2432,2,0.5,83,29,0.61,6 x 4.9,0
TLV2442,2,1.81,75,29,0.61,6 x 4.9,1
TLV4170,4,1.2,110,52,0.62,6 x 8.65,9
TLC274A,4,0.32,80,,0.62,52 mm2,9
OPA2314-Q1,2,3,80,29,0.62,6 x 4.9,0
LMV118,1,45,85,8,0.63,2.8 x 2.9,2
LMV652,2,12,100,15,0.63,4.9 x 3,5
TLV2262,2,0.71,83,,0.63,29 mm2,1
TLV2332,2,0.525,91,,0.63,29 mm2,8
OPA4313,4,1,80,32,0.63,6.4 x 5,8
LMV772,2,3.5,90,29,0.64,6 x 4.9,5
TLV4171,4,3,105,52,0.64,6 x 8.65,0
TLV4316-Q1,4,10,90,32,0.64,6.4 x 5,2
LMV822-N-Q1,2,5.6,90,15,0.64,4.9 x 3,5
TLV27L2,2,0.16,86,29,0.65,6 x 4.9,1
TLC2252,2,0.2,83,,0.65,29 mm2,2
LMV796-Q1,1,17,100,8,0.65,2.8 x 2.9,4
OPA322-Q1,1,20,100,8,0.65,2.8 x 2.9,8
TLV2372,2,3,72,,0.65,29 mm2,6
LF444,4,1,100,,0.66,52 mm2,4
LMV712-N-Q1,2,5,80,9,0.66,3 x 3,5
LMV722-N,2,10,89,29,0.66,6 x 4.9,8
TLC274B,4,0.32,80,,0.67,80 mm2,6
OPA363,1,7,90,29,0.67,6 x 4.9,4
OPA364,1,7,90,29,0.67,6 x 4.9,0
LMV824-N-Q1,4,5.6,90,52,0.67,6 x 8.65,0
LMV932-N-Q1,2,1.5,86,29,0.67,6 x 4.9,0
TLV2172-Q1,2,10,116,15,0.67,4.9 x 3,0
TLV2451,1,0.22,80,,0.67,29 mm2,3
TLV2461,1,6.4,85,,0.67,29 mm2,6
TLV2471,1,2.8,84,,0.67,29 mm2,0
TLV2622,2,11,99,29,0.67,6 x 4.9,0
TLV2761,1,0.5,76,,0.67,29 mm2,8
LMV832,2,3.3,93,15,0.68,4.9 x 3,6
TLC2272,2,2.18,75,,0.68,48 mm2,2
OPA2171,2,3,120,29,0.68,6 x 4.9,5
LMV934-N,4,1.5,86,52,0.68,6 x 8.65,5
OPA137,1,1,84,29,0.69,6 x 4.9,0
TLC2262,2,0.71,83,,0.7,29 mm2,1
LMC6035-Q1,2,1.4,96,29,0.7,6 x 4.9,1
OPA2170,2,1.2,120,29,0.71,6 x 4.9,9
OPA2316-Q1,2,10,80,15,0.71,4.9 x 3,3
OPA2377-Q1,2,5.5,90,15,0.71,4.9 x 3,8
LMV797,2,17,100,15,0.72,4.9 x 3,3
LMV851,1,8,94,4,0.72,2.1 x 2,5
TLE2071,1,10,98,,0.72,29 mm2,6
OPA170-EP,1,1.2,120,3,0.72,1.6 x 1.6,2
TLV2372-Q1,2,3,72,29,0.72,6 x 4.9,8
TLV2781,1,8,80,29,0.73,6 x 4.9,2
TLC081A,1,10,110,,0.73,29 mm2,0
TLV2241,1,0.0055,100,,0.73,29 mm2,8
TLV2252,2,0.2,83,,0.73,29 mm2,9
OPA2373,2,6.5,90,9,0.73,3 x 3,8
OPA2374,2,6.5,90,29,0.73,6 x 4.9,7
TLC070,1,10,95,15,0.73,4.9 x 3,6
TLC080,1,10,110,15,0.73,4.9 x 3,8
TLV2442-Q1,2,1.81,75,19,0.73,6.4 x 3,3
TLC2262A,2,0.71,83,,0.73,29 mm2,1
TLV2460,1,6.4,85,,0.73,29 mm2,5
TLV2771,1,5.1,96,29,0.73,6 x 4.9,3
LMV554,4,3,93,32,0.74,6.4 x 5,5
LMV861,1,31,94,4,0.74,2.1 x 2,5
LMV881,1,23,94,2,0.74,1 x 1.5,1
TL5580,2,12,90,,0.74,29 mm2,8
TLV2470,1,2.8,84,,0.74,29 mm2,3
OPA2172,2,10,120,29,0.75,6 x 4.9,8
LF347-N,4,4,100,,0.75,52 mm2,3
LMV772-Q1,2,3.5,90,15,0.75,4.9 x 3,5
TLV2374,4,3,72,,0.75,52 mm2,1
LMV792,2,17,100,9,0.76,3 x 3,4
TLC2274,4,2.18,75,,0.76,80 mm2,7
TLE2061,1,2,90,,0.76,29 mm2,1
OPA4314,4,3,80,32,0.76,6.4 x 5,5
LM7321,1,20,80,29,0.76,6 x 4.9,4
TLC2252-Q1,2,0.2,83,19,0.77,6.4 x 3,5
TLV2322,2,0.085,94,,0.79,29 mm2,1
OPA2705,2,1,77,,0.79,29 mm2,2
TLC072,2,10,95,15,0.79,4.9 x 3,9
TLC082,2,10,110,15,0.79,4.9 x 3,9
TLV2461-Q1,1,6.4,85,19,0.79,6.4 x 3,9
TLV2760,1,0.5,76,,0.79,29 mm2,4
TLV2770,1,5.1,96,,0.79,29 mm2,3
TLV2780,1,8,80,29,0.79,6 x 4.9,2
TLC2272-Q1,2,2.18,75,29,0.8,6 x 4.9,2
LMC6041,1,0.075,75,,0.8,29 mm2,6
TLV27L2-Q1,2,0.16,86,29,0.8,6 x 4.9,0
OPA2137,2,1,84,,0.81,29 mm2,0
OPA2171-Q1,2,3,120,29,0.81,6 x 4.9,0
LMV934-N-Q1,4,1.5,86,32,0.81,6.4 x 5,3
TLV2252-Q1,2,0.2,83,29,0.83,6 x 4.9,3
TLE2071A,1,10,98,,0.83,29 mm2,1
TLV2374-Q1,4,3,72,52,0.83,6 x 8.65,6
TLV2373,2,3,72,,0.83,52 mm2,8
TLC2264,4,0.71,83,,0.84,52 mm2,1
TLC2254,4,0.2,83,,0.84,52 mm2,6
TLC072A,2,10,95,,0.84,29 mm2,6
TLV2460-Q1,1,6.4,80,19,0.84,6.4 x 3,6
OPA2170-Q1,2,1.2,120,15,0.84,4.9 x 3,5
TLV2771-Q1,1,5.1,96,8,0.84,2.8 x 2.9,5
LMC660,4,1.4,83,,0.84,52 mm2,9
OPA2345,2,3,92,29,0.84,6 x 4.9,2
OPA2344,2,1,92,29,0.84,6 x 4.9,5
OPA2322,2,20,100,29,0.85,6 x 4.9,3
OPA141,1,10,126,29,0.85,6 x 4.9,4
TLV2375,4,3,72,,0.85,59 mm2,3
LMV654,4,12,100,32,0.85,6.4 x 5,3
TLV4172,4,10,116,52,0.86,6 x 8.65,7
OPA343,1,5.5,92,29,0.87,6 x 4.9,1
LMC6036,4,1.4,96,52,0.87,6 x 8.65,2
TLC082A,2,10,110,,0.87,29 mm2,9
TL054,4,3.3,92,,0.88,80 mm2,0
OPA4314-Q1,4,3,96,32,0.89,6.4 x 5,4
TLV2462,2,6.4,85,,0.89,29 mm2,8
OPA2172-Q1,2,10,120,15,0.89,4.9 x 3,7
TLV2472,2,2.8,84,15,0.89,4.9 x 3,9
TLC2264A,4,0.71,83,,0.89,52 mm2,2
OPA4377,4,5.5,90,32,0.9,6.4 x 5,7
LMV774,4,3.5,90,32,0.9,6.4 x 5,2
TLC2274-Q1,4,2.18,75,52,0.9,6 x 8.65,6
OPA4316,4,10,80,52,0.9,6 x 8.65,4
TLV2451A,1,0.22,80,,0.9,29 mm2,2
LM7321-Q1,1,16,80,8,0.9,2.8 x 2.9,1
TLV2452,2,0.22,80,,0.93,29 mm2,5
TLV2762,2,0.5,76,29,0.94,6 x 4.9,4
TLV2450A,1,0.22,80,,0.95,29 mm2,8
TLV2242,2,0.0055,100,,0.95,29 mm2,9
TLV2471-Q1,1,2.8,84,8,0.95,2.8 x 2.9,8
TLV2634,4,9,100,52,0.95,6 x 8.65,0
LM7301,1,4,93,29,0.96,6 x 4.9,2
TLE2071A-Q1,1,10,98,29,0.96,6 x 4.9,4
LM7322,2,20,80,29,0.97,6 x 4.9,6
TLC082-Q1,2,10,110,15,0.97,4.9 x 3,1
TL5580A,2,12,90,,0.98,29 mm2,3
LM7341,1,4.6,100,8,0.99,2.8 x 2.9,6
MCP6294,4,10,103,52,0.99,6 x 8.65,0
LM6584,4,15.4,103,52,1,6 x 8.65,1
LM7332,2,19,74,29,1,6 x 4.9,5
OPA2343,2,5.5,92,29,1,6 x 4.9,0
TLV2461A-Q1,1,6.4,85,19,1,6.4 x 3,1
OPA2322-Q1,2,20,100,15,1,4.9 x 3,7
TLV2422,2,0.052,83,29,1.01,6 x 4.9,9
TLV2453,2,0.22,80,,1.01,52 mm2,6
TLV2463,2,6.4,85,,1.01,52 mm2,4
TLV2772,2,5.1,96,,1.01,29 mm2,0
TLV2782,2,8,80,,1.01,29 mm2,4
TLV2452A,2,0.22,80,,1.01,29 mm2,3
LMV834,4,3.3,93,32,1.02,6.4 x 5,1
LMV862,2,31,94,15,1.02,4.9 x 3,9
LMV852,2,8,94,15,1.03,4.9 x 3,9
OPA2363,2,7,90,5,1.03,1.8 x 2.6,6
TLC2254-Q1,4,0.2,83,32,1.03,6.4 x 5,4
TLV2471A,1,2.8,84,,1.03,29 mm2,3
OPA4170,4,1.2,120,52,1.04,6 x 8.65,1
OPA4171,4,3,120,52,1.04,6 x 8.65,4
OPA725,1,20,94,29,1.04,6 x 4.9,8
LM7322-Q1,2,16,80,29,1.04,6 x 4.9,6
OPA341,1,5.5,90,29,1.06,6 x 4.9,7
OPA743,1,7,84,29,1.06,6 x 4.9,9
TLC073,2,10,95,15,1.06,4.9 x 3,5
TLC083,2,10,110,15,1.06,4.9 x 3,3
TLC084,4,10,110,42,1.06,6.4 x 6.5,5
TLV2624,4,11,99,52,1.06,6 x 8.65,9
OPA4342,4,1,88,52,1.06,6 x 8.65,8
OPA4374,4,6.5,90,52,1.06,6 x 8.65,9
OPA4316-Q1,4,10,86,32,1.06,6.4 x 5,7
OPA4377-Q1,4,5.5,90,32,1.06,6.4 x 5,2
TLV2462-Q1,2,6.4,85,29,1.06,6 x 4.9,7
TLC074,4,10,95,42,1.07,6.4 x 6.5,4
TLV2444,4,1.81,75,52,1.07,6 x 8.65,2
OPA2364,2,7,90,29,1.07,6 x 4.9,5
LM8261,1,21,110,8,1.09,2.8 x 2.9,8
LM10,1,0.05,102,,1.1,93 mm2,7
LPC662,2,0.35,83,29,1.1,6 x 4.9,4
TLV2264,4,0.71,83,,1.1,52 mm2,7
TLV2772A,2,5.1,96,,1.11,29 mm2,5
TLE2142,2,6,108,,1.11,29 mm2,8
OPA353,1,44,86,29,1.12,6 x 4.9,7
TLV2434,4,0.5,83,52,1.12,6 x 8.65,7
TLV2763,2,0.5,76,9,1.12,3 x 3,2
TLV2460A-Q1,1,6.4,80,19,1.12,6.4 x 3,0
OPA4172,4,10,120,52,1.13,6 x 8.65,6
TLE2062,2,2,90,,1.14,29 mm2,1
TLV2474,4,2.8,84,32,1.17,6.4 x 5,6
LM8262,2,21,110,15,1.18,4.9 x 3,0
TLV2454,4,0.22,80,,1.18,52 mm2,5
TLV2464,4,6.4,85,,1.18,52 mm2,5
TLV2254,4,0.2,75,,1.18,52 mm2,1
TLV2772-Q1,2,5.1,96,29,1.18,6 x 4.9,9
TLV2463-Q1,2,6.4,85,32,1.18,6.4 x 5,3
LMP7716Q,2,17,100,,1.18,,1
LM359,2,40,70,52,1.19,6 x 8.65,6
TLE2161A,1,6.4,90,29,1.19,6 x 4.9,8
LM6211,1,17,98,8,1.23,2.8 x 2.9,0
OPA4170-Q1,4,1.2,120,32,1.23,6.4 x 5,2
OPA4171-Q1,4,3,120,52,1.23,6 x 8.65,1
TLV2764,4,0.5,76,,1.24,52 mm2,6
OPA4705,4,1,77,32,1.24,6.4 x 5,1
TLV2244,4,0.0055,100,,1.24,52 mm2,5
TLV2324,4,0.085,94,,1.24,52 mm2,6
TLV2772A-Q1,2,5.1,96,29,1.24,6 x 4.9,4
TLV2462A,2,6.4,85,,1.24,29 mm2,9
OPA4322,4,20,100,22,1.25,4.4 x 5,8
OPA4137,4,1,84,,1.26,52 mm2,3
TLV2464A,4,6.4,85,,1.27,52 mm2,6
TLC075A,4,10,95,42,1.28,6.4 x 6.5,7
TLC084-Q1,4,10,110,42,1.28,6.4 x 6.5,7
TLV2472A,2,2.8,84,,1.28,29 mm2,1
TLC084A,4,10,110,42,1.29,6.4 x 6.5,6
OPA2141,2,10,126,29,1.3,6 x 4.9,1
LMV854,4,8,94,32,1.31,6.4 x 5,3
LM258A-EP,2,0.7,80,29,1.31,6 x 4.9,1
TLE2142-Q1,2,6,108,29,1.32,6 x 4.9,4
OPA4172-Q1,4,10,120,32,1.33,6.4 x 5,4
TLC085,4,10,110,42,1.33,6.4 x 6.5,8
TLV2784,4,8,80,52,1.34,6 x 8.65,0
OPA4344,4,1,92,52,1.34,6 x 8.65,6
TLV2774,4,5.1,96,,1.34,52 mm2,8
TLE2142M-D,2,6,108,29,1.38,6 x 4.9,5
TLV2454A,4,0.22,80,,1.4,52 mm2,0
LM8272,2,13,80,15,1.41,4.9 x 3,4
TLV2472-Q1,2,2.8,84,29,1.44,6 x 4.9,1
TLC2272M,2,2.18,75,29,1.46,6 x 4.9,5
TLV2474-Q1,4,2.8,84,32,1.46,6.4 x 5,1
TLV2464A-Q1,4,6.4,85,32,1.46,6.4 x 5,4
TLC074A,4,10,95,,1.46,52 mm2,2
TLV2783,2,8,80,,1.46,9 mm2,3
TLV2462A-Q1,2,6.4,85,29,1.47,6 x 4.9,5
OPA726,1,20,94,29,1.48,6 x 4.9,3
OPA4322-Q1,4,20,100,32,1.48,6.4 x 5,7
LM6132,2,10,107,,1.51,29 mm2,2
LPC660,4,0.35,83,52,1.53,6 x 8.65,5
OPA4364,4,7,90,52,1.57,6 x 8.65,5
TLC085A,4,10,110,42,1.57,6.4 x 6.5,3
TLV2775,4,5.1,96,,1.57,59 mm2,1
TLV2463A-Q1,2,6.4,85,32,1.59,6.4 x 5,8
OPA2131,2,4,80,29,1.59,6 x 4.9,0
OPA130,1,1,105,29,1.61,6 x 4.9,7
OPA2341,2,5.5,90,9,1.62,3 x 3,9
TLV2455,4,0.22,80,59,1.62,6 x 9.9,1
OPA2314-EP,2,3,80,,1.65,,2
TLE2072A,2,10,98,,1.65,29 mm2,0
TLV2473A,2,2.8,84,,1.67,52 mm2,5
TLV2342,2,0.32,80,,1.67,29 mm2,0
TLV2765,4,0.5,76,59,1.68,6 x 9.9,5
TLV2474A,4,2.8,84,32,1.68,6.4 x 5,7
OPA4244,4,0.43,104,32,1.68,6.4 x 5,5
TLV2475,4,2.8,84,32,1.69,6.4 x 5,0
TLV2374-EP,4,3,72,52,1.7,6 x 8.65,2
TLV2472A-Q1,2,2.8,84,29,1.71,6 x 4.9,9
OPA2743,2,7,84,29,1.73,6 x 4.9,1
TLE2144,4,6,108,,1.75,77 mm2,4
TLV2371-EP,1,3,72,8,1.8,2.8 x 2.9,0
OPA4364-Q1,4,7,90,52,1.8,6 x 8.65,1
LM6142,2,17,107,,1.8,29 mm2,5
LM6134,4,10,107,,1.82,52 mm2,5
OPA4343,4,5.5,92,52,1.85,6 x 8.65,6
TLE2072A-Q1,2,10,98,29,1.85,6 x 4.9,6
TLV2474A-Q1,4,2.8,84,32,1.85,6.4 x 5,3
TLV2774A,4,5.1,96,,1.87,52 mm2,4
TLE2064,4,2,90,,1.88,52 mm2,5
OPA4141,4,10,126,52,1.9,6 x 8.65,3
OPA2353,2,44,86,29,1.91,6 x 4.9,5
TL034A,4,1.1,94,,1.91,52 mm2,6
OPA2725,2,20,94,29,1.94,6 x 4.9,0
TLE2024-Q1,4,1.7,90,77,1.95,7.5 x 10.3,7
TLE2024,4,2,102,,1.98,77 mm2,3
TLE2061M-D,1,2,90,29,2.13,6 x 4.9,1
TLV2772AM-D,2,5.1,96,29,2.18,6 x 4.9,2
TLE2074,4,10,98,,2.19,77 mm2,4
OPA2726,2,20,94,9,2.22,3 x 3,2
TLV2475A,4,2.8,84,32,2.24,6.4 x 5,5
TLV2775A,4,5.1,96,,2.27,22 mm2,4
TLC2274-EP,4,2.18,75,52,2.33,6 x 8.65,9
TLE2144M-D,4,6,108,77,2.54,7.5 x 10.3,4
OPA2130,2,1,105,29,2.56,6 x 4.9,6
TLE2024-EP,4,1.7,90,77,2.56,7.5 x 10.3,1
TLE2064A,4,2,90,,2.72,52 mm2,8
TLV2774-EP,4,5.1,96,52,2.73,6 x 8.65,2
TLV2774A-EP,4,5.1,96,52,2.73,6 x 8.65,8
TLE2062M-D,2,2,90,29,2.78,6 x 4.9,1
OPA4353,4,44,86,52,2.8,6 x 8.65,0
TLE2144A,4,6,108,,2.8,,8
TL054A,4,3.3,92,,2.88,52 mm2,2
TLV2772A-EP,2,5.1,96,29,2.9,6 x 4.9,5
TLE2144-EP,4,6,108,77,2.96,7.5 x 10.3,6
LM747,2,1.5,90,,3.1,,7
LM6144,4,17,107,,3.34,52 mm2,7
TLE2062AM-D,2,2,90,29,3.45,6 x 4.9,9
OPA4131,4,4,80,,3.47,52 mm2,7
TLV2462A-EP,2,6.4,85,29,3.5,6 x 4.9,7
TLV2464A-EP,4,6.4,85,52,3.85,6 x 8.65,2
LM224-N,4,1.2,80,,3.88,,1
TLE2064M-D,4,2,90,52,3.92,6 x 8.65,4
OPA4130,4,1,105,52,3.92,6 x 8.65,1
LM258-N,2,0.7,80,80,4.14,8.96 x 8.96,7
LM158-N,2,0.7,85,,4.33,80 mm2,3
LM201A-N,1,1,96,80,4.36,8.96 x 8.96,6
LM124-N,4,1.2,80,,4.37,,8
LM101A-N,1,1,96,,4.58,80 mm2,4
LM1558,2,1,90,80,4.67,8.96 x 8.96,2
LF256,1,5,100,80,4.68,8.96 x 8.96,4
OPA2171-EP,2,3,120,6,4.9,3.1 x 2,5
OPA4132,4,8,100,52,5.17,6 x 8.65,7
LM148-N,4,1,90,,5.21,,4
TLE2064AM-D,4,2,90,52,5.23,6 x 8.65,4
LM118-N,1,15,100,80,6.55,8.96 x 8.96,5
OPA2348-HIREL,2,1,82,,47.6,,9
LF147,4,4,100,,,,4
LF156,1,5,100,80,,8.96 x 8.96,6
LM148,4,1,90,,,79 mm2,2
LM158,2,0.7,80,,,79 mm2,2
LM124A,4,1.2,80,,,,9
LM124M,4,1.2,80,,,,8
LM158A,2,0.7,80,,,79 mm2,4
TL064M,4,1,86,,,,1
LM10QML,1,0.05,102,84,,9.144 x 9.144,0
MC1558M,2,1,90,,,79 mm2,8
LF156QML,1,5,100,80,,8.96 x 8.96,7
LF444QML,4,1,100,,,,5
LM118QML,1,15,100,,,80 mm2,4
LM124-SP,4,1.2,80,,,,9
LM741QML,1,1,90,,,80 mm2,8
LT1013AM,2,0.7,117,,,79 mm2,9
TLC2252M,2,0.2,83,,,,1
TLC2262M,2,0.71,83,,,,0
TLE2021B,1,1.7,110,,,79 mm2,3
TLE2024M,4,1.7,90,,,79 mm2,4
TLE2061M,1,2,90,,,79 mm2,5
TLE2062M,2,2,90,,,,8
TLE2064M,4,2,90,,,79 mm2,6
TLE2071M,1,10,98,,,79 mm2,9
TLE2072M,2,10,98,,,,7
TLE2074M,4,10,98,,,79 mm2,1
TLE2142M,2,6,108,,,,6
TLE2144M,4,6,108,,,79 mm2,1
TLE2161M,1,6.4,90,,,,7
TLV2252M,2,0.2,83,,,,5
TLV2262M,2,0.71,83,,,,0
TLV2422M,2,0.052,83,,,,9
TLV2442M,2,1.81,75,,,,8
TLV2460M,1,6.4,85,,,,6
TLV2461M,1,6.4,85,,,,1
TLV2462M,2,6.4,85,,,,8
LM101AQML,1,1,96,,,80 mm2,1
LM124AQML,4,1,85,,,,5
LM1558QML,2,1,90,,,80 mm2,5
TLC2262AM,2,0.71,83,,,,9
TLC2264AM,4,0.71,83,,,79 mm2,1
TLE2022BM,2,1.7,105,,,79 mm2,6
TLE2061AM,1,2,90,,,79 mm2,2
TLE2062AM,2,2,90,,,,9
TLE2064AM,4,2,90,,,,7
TLE2064BM,4,2,90,,,79 mm2,7
TLE2071AM,1,10,98,,,,1
TLE2072AM,2,10,98,,,,5
TLE2074AM,4,10,98,,,,4
TLE2144AM,4,6,108,,,79 mm2,6
TLE2161AM,1,6.4,90,,,,8
TLE2161BM,1,6.4,90,,,,7
TLV2462AM,2,6.4,85,,,,3
TLV2463AM,2,6.4,85,,,,1
TLV2772AM,2,5.1,96,,,,4
TLC2274-HT,4,2.18,75,32,,6.4 x 5,7
LF411QML-SP,1,3,100,,,,7
LM148JAN-SP,4,1,90,,,,4
LM158QML-SP,2,0.7,80,,,,4
LM124AQML-SP,4,1,85,,,,6